{"cameraMode":{"drawMode":0,"name":"Shaded","section":"Shading Mode"},"sceneLighting":false,"audioPlay":false,"sceneViewState":{"showFog":false,"showMaterialUpdate":true,"showSkybox":false,"showFlares":true,"showImageEffects":true,"showParticleSystems":true},"in2DMode":false,"pivot":{"x":0.0,"y":0.5709999799728394,"z":-1.0800000429153443},"rotation":{"x":0.3205370008945465,"y":-0.34724941849708559,"z":0.12685781717300416,"w":0.8722612857818604},"size":2.333451986312866,"orthographic":true}