{"cameraMode":{"drawMode":0,"name":"Shaded","section":"Shading Mode"},"sceneLighting":true,"audioPlay":false,"sceneViewState":{"showFog":false,"showMaterialUpdate":true,"showSkybox":true,"showFlares":true,"showImageEffects":true,"showParticleSystems":true},"in2DMode":false,"pivot":{"x":-0.17618219554424287,"y":8.866865158081055,"z":-4.238649845123291},"rotation":{"x":0.26156070828437807,"y":-0.012813884764909745,"z":0.0020896915812045337,"w":0.9652613401412964},"size":17.73427963256836,"orthographic":true}