{"cameraMode":{"drawMode":0,"name":"Shaded","section":"Shading Mode"},"sceneLighting":true,"audioPlay":false,"sceneViewState":{"showFog":false,"showMaterialUpdate":true,"showSkybox":true,"showFlares":true,"showImageEffects":true,"showParticleSystems":true},"in2DMode":false,"pivot":{"x":1.6544908285140992,"y":11.421422958374024,"z":-3.846846342086792},"rotation":{"x":0.1913929432630539,"y":-0.033613935112953189,"z":0.004781210795044899,"w":0.9810937643051148},"size":23.74492835998535,"orthographic":true}