{"cameraMode":{"drawMode":0,"name":"Shaded","section":"Shading Mode"},"sceneLighting":false,"audioPlay":false,"sceneViewState":{"showFog":false,"showMaterialUpdate":true,"showSkybox":false,"showFlares":true,"showImageEffects":true,"showParticleSystems":true},"in2DMode":false,"pivot":{"x":2.2020599842071535,"y":7.845203876495361,"z":-7.90130615234375},"rotation":{"x":-0.06383513659238816,"y":-0.02693932317197323,"z":0.0018193901050835848,"w":-0.9976899027824402},"size":6.826642036437988,"orthographic":true}