{"cameraMode":{"drawMode":0,"name":"Shaded","section":"Shading Mode"},"sceneLighting":false,"audioPlay":false,"sceneViewState":{"showFog":false,"showMaterialUpdate":true,"showSkybox":false,"showFlares":true,"showImageEffects":true,"showParticleSystems":true},"in2DMode":false,"pivot":{"x":197.25633239746095,"y":296.6955261230469,"z":-733.89990234375},"rotation":{"x":0.23352999985218049,"y":0.05274069309234619,"z":-0.014080825261771679,"w":0.9709746241569519},"size":14.589062690734864,"orthographic":true}