{"cameraMode":{"drawMode":0,"name":"Shaded","section":"Shading Mode"},"sceneLighting":false,"audioPlay":false,"sceneViewState":{"showFog":false,"showMaterialUpdate":true,"showSkybox":false,"showFlares":true,"showImageEffects":true,"showParticleSystems":true},"in2DMode":false,"pivot":{"x":2.1773905754089357,"y":2.1301088333129885,"z":-4.799543380737305},"rotation":{"x":-0.24779050052165986,"y":-0.18098248541355134,"z":0.050610579550266269,"w":-0.9506714344024658},"size":16.217159271240236,"orthographic":true}