{"cameraMode":{"drawMode":0,"name":"Shaded","section":"Shading Mode"},"sceneLighting":true,"audioPlay":false,"sceneViewState":{"showFog":false,"showMaterialUpdate":true,"showSkybox":true,"showFlares":true,"showImageEffects":true,"showParticleSystems":true},"in2DMode":false,"pivot":{"x":-7.21963357925415,"y":10.441413879394532,"z":-4.746278762817383},"rotation":{"x":0.26007938385009768,"y":-0.02449631132185459,"z":0.00483240932226181,"w":0.9654319882392883},"size":21.5728759765625,"orthographic":true}