{"cameraMode":{"drawMode":0,"name":"Shaded","section":"Shading Mode"},"sceneLighting":true,"audioPlay":false,"sceneViewState":{"showFog":false,"showMaterialUpdate":true,"showSkybox":false,"showFlares":true,"showImageEffects":true,"showParticleSystems":true},"in2DMode":false,"pivot":{"x":26.149993896484376,"y":12.409479141235352,"z":-0.4557665288448334},"rotation":{"x":0.2233366072177887,"y":-0.5547427535057068,"z":0.1576608419418335,"w":0.7858538031578064},"size":19.882966995239259,"orthographic":true}