{"cameraMode":{"drawMode":0,"name":"Shaded","section":"Shading Mode"},"sceneLighting":true,"audioPlay":false,"sceneViewState":{"showFog":false,"showMaterialUpdate":true,"showSkybox":true,"showFlares":true,"showImageEffects":true,"showParticleSystems":true},"in2DMode":false,"pivot":{"x":-5.22462797164917,"y":7.390646934509277,"z":-6.872582912445068},"rotation":{"x":0.10173691809177399,"y":-0.14937271177768708,"z":0.014322979375720024,"w":0.9835731983184815},"size":20.226482391357423,"orthographic":true}