{"cameraMode":{"drawMode":0,"name":"Shaded","section":"Shading Mode"},"sceneLighting":true,"audioPlay":false,"sceneViewState":{"showFog":false,"showMaterialUpdate":true,"showSkybox":true,"showFlares":true,"showImageEffects":true,"showParticleSystems":true},"in2DMode":false,"pivot":{"x":-13.471969604492188,"y":10.953857421875,"z":-6.021746635437012},"rotation":{"x":-0.14077843725681306,"y":-0.094886913895607,"z":0.013631089590489865,"w":-0.9854869842529297},"size":29.248531341552736,"orthographic":true}