{"cameraMode":{"drawMode":0,"name":"Shaded","section":"Shading Mode"},"sceneLighting":false,"audioPlay":false,"sceneViewState":{"showFog":false,"showMaterialUpdate":true,"showSkybox":false,"showFlares":true,"showImageEffects":true,"showParticleSystems":true},"in2DMode":false,"pivot":{"x":0.0,"y":12.325778007507325,"z":23.896568298339845},"rotation":{"x":-0.1675833761692047,"y":-0.14840255677700044,"z":0.02602478116750717,"w":-0.9743680357933044},"size":78.52472686767578,"orthographic":true}