{"cameraMode":{"drawMode":0,"name":"Shaded","section":"Shading Mode"},"sceneLighting":true,"audioPlay":false,"sceneViewState":{"showFog":false,"showMaterialUpdate":true,"showSkybox":true,"showFlares":true,"showImageEffects":true,"showParticleSystems":true},"in2DMode":false,"pivot":{"x":-2.9752063751220705,"y":9.04492473602295,"z":-2.6476926803588869},"rotation":{"x":0.2530069947242737,"y":-0.11079679429531098,"z":0.028456587344408037,"w":0.960815966129303},"size":17.989471435546876,"orthographic":true}