{"cameraMode":{"drawMode":0,"name":"Shaded","section":"Shading Mode"},"sceneLighting":true,"audioPlay":false,"sceneViewState":{"showFog":false,"showMaterialUpdate":true,"showSkybox":true,"showFlares":true,"showImageEffects":true,"showParticleSystems":true},"in2DMode":false,"pivot":{"x":-2.2952768802642824,"y":7.311038970947266,"z":-8.565454483032227},"rotation":{"x":-0.10218561440706253,"y":-0.10128488391637802,"z":0.01054078433662653,"w":-0.9896376729011536},"size":25.392223358154298,"orthographic":true}