{"cameraMode":{"drawMode":0,"name":"Shaded","section":"Shading Mode"},"sceneLighting":true,"audioPlay":false,"sceneViewState":{"showFog":false,"showMaterialUpdate":true,"showSkybox":true,"showFlares":true,"showImageEffects":true,"showParticleSystems":true},"in2DMode":false,"pivot":{"x":1.9524786472320557,"y":2.25384521484375,"z":1.5783917903900147},"rotation":{"x":0.292125403881073,"y":-0.003801083890721202,"z":-0.00009663402306614444,"w":0.9565250277519226},"size":18.736787796020509,"orthographic":true}