{"cameraMode":{"drawMode":0,"name":"Shaded","section":"Shading Mode"},"sceneLighting":false,"audioPlay":false,"sceneViewState":{"showFog":false,"showMaterialUpdate":true,"showSkybox":false,"showFlares":true,"showImageEffects":true,"showParticleSystems":true},"in2DMode":false,"pivot":{"x":0.0,"y":1.5491328239440919,"z":-1.7881393432617188e-7},"rotation":{"x":0.1515725553035736,"y":-0.7941034436225891,"z":0.2205394208431244,"w":0.5457413792610169},"size":5.7987284660339359,"orthographic":true}