{"cameraMode":{"drawMode":0,"name":"Shaded","section":"Shading Mode"},"sceneLighting":true,"audioPlay":false,"sceneViewState":{"showFog":false,"showMaterialUpdate":true,"showSkybox":true,"showFlares":true,"showImageEffects":true,"showParticleSystems":true},"in2DMode":false,"pivot":{"x":-6.525642395019531,"y":10.718992233276368,"z":-6.431061744689941},"rotation":{"x":0.18712186813354493,"y":-0.05087936669588089,"z":0.008578512817621231,"w":0.9811257719993591},"size":42.16313552856445,"orthographic":true}