{"cameraMode":{"drawMode":0,"name":"Shaded","section":"Shading Mode"},"sceneLighting":false,"audioPlay":false,"sceneViewState":{"showFog":false,"showMaterialUpdate":true,"showSkybox":false,"showFlares":true,"showImageEffects":true,"showParticleSystems":true},"in2DMode":false,"pivot":{"x":5.708147048950195,"y":-0.1509338617324829,"z":-0.42093101143836977},"rotation":{"x":-0.26904296875,"y":-0.0799194872379303,"z":0.02599652111530304,"w":-0.9597532153129578},"size":4.608430862426758,"orthographic":true}