{"cameraMode":{"drawMode":0,"name":"Shaded","section":"Shading Mode"},"sceneLighting":false,"audioPlay":false,"sceneViewState":{"showFog":false,"showMaterialUpdate":true,"showSkybox":false,"showFlares":true,"showImageEffects":true,"showParticleSystems":true},"in2DMode":false,"pivot":{"x":-7.820897579193115,"y":0.0870218276977539,"z":-0.36074399948120119},"rotation":{"x":0.2935578525066376,"y":-0.006658509373664856,"z":0.0008238646551035345,"w":0.9560686945915222},"size":10.066742897033692,"orthographic":true}