{"cameraMode":{"drawMode":0,"name":"Shaded","section":"Shading Mode"},"sceneLighting":false,"audioPlay":false,"sceneViewState":{"showFog":false,"showMaterialUpdate":true,"showSkybox":false,"showFlares":true,"showImageEffects":true,"showParticleSystems":true},"in2DMode":false,"pivot":{"x":8.569999694824219,"y":0.6019644737243652,"z":-6.645832061767578},"rotation":{"x":-0.24092912673950196,"y":-0.03846491873264313,"z":0.012965232133865357,"w":-0.9699475765228272},"size":19.312753677368165,"orthographic":true}