{"cameraMode":{"drawMode":0,"name":"Shaded","section":"Shading Mode"},"sceneLighting":false,"audioPlay":false,"sceneViewState":{"showFog":false,"showMaterialUpdate":true,"showSkybox":false,"showFlares":true,"showImageEffects":true,"showParticleSystems":true},"in2DMode":false,"pivot":{"x":5.676967620849609,"y":1.9283266067504883,"z":1.723567247390747},"rotation":{"x":-0.26904296875,"y":-0.0799194872379303,"z":0.02599652111530304,"w":-0.9597532153129578},"size":9.348967552185059,"orthographic":true}