{"cameraMode":{"drawMode":0,"name":"Shaded","section":"Shading Mode"},"sceneLighting":false,"audioPlay":false,"sceneViewState":{"showFog":false,"showMaterialUpdate":true,"showSkybox":false,"showFlares":true,"showImageEffects":true,"showParticleSystems":true},"in2DMode":false,"pivot":{"x":1.2987546920776368,"y":2.2284059524536135,"z":-4.858943939208984},"rotation":{"x":-0.26904296875,"y":-0.0799194872379303,"z":0.02599652111530304,"w":-0.9597532153129578},"size":9.348967552185059,"orthographic":true}