{"cameraMode":{"drawMode":0,"name":"Shaded","section":"Shading Mode"},"sceneLighting":false,"audioPlay":false,"sceneViewState":{"showFog":false,"showMaterialUpdate":true,"showSkybox":false,"showFlares":true,"showImageEffects":true,"showParticleSystems":true},"in2DMode":false,"pivot":{"x":-4.049187660217285,"y":0.640849232673645,"z":-0.8537111282348633},"rotation":{"x":0.2254626452922821,"y":-0.013922181911766529,"z":0.0025000309105962517,"w":0.9742852449417114},"size":3.530719757080078,"orthographic":true}